"","idfile","peptide","RT","TotalArea","MassAccu","FWHM","RESPONSE"
"1",1,"EACFAVEGPK",716.8189123619,331832806.817753,-0.00270306330281272,1.66551780255396,"PASS"
"2",2,"EACFAVEGPK",716.668700217324,120185066.146736,-0.065949976124893,2.06735081880437,"PASS"
"3",3,"EACFAVEGPK",718.170821663082,117220812.075713,-0.145996850165338,1.92348467718386,"PASS"
"4",4,"EACFAVEGPK",720.949746337735,95878182.7643499,0.0516497524036625,1.94663555054808,"PASS"
"5",5,"EACFAVEGPK",716.894018434188,123742171.031963,-0.154890947280943,2.03262450875804,"PASS"
"6",6,"EACFAVEGPK",719.973367397992,139452717.608383,-0.0857146363817931,2.0359317763815,"PASS"
"7",7,"EACFAVEGPK",712.688078386064,99138862.2424749,-0.072867607214808,2.35508310204541,"PASS"
"8",8,"EACFAVEGPK",751.743235975785,310786602.913492,-0.065949976124893,2.00616636777036,"PASS"
"9",9,"EACFAVEGPK",710.885532651153,108624475.269747,0.0437438883009024,2.23767510141257,"PASS"
"10",10,"EACFAVEGPK",718.546352024522,128188552.138497,-0.0145618594569528,2.43611115882018,"PASS"
"11",11,"EACFAVEGPK",712.612972313776,148049054.414349,0.00520280079994728,2.21287059423662,"PASS"
"12",12,"EACFAVEGPK",725.981853181027,121074342.368042,0.0556026844550425,2.35342946823368,"PASS"
"13",13,"EACFAVEGPK",713.138714819791,133820634.87344,-0.231973122282854,2.29059138338794,"PASS"
"14",14,"EACFAVEGPK",713.063608747503,109810176.898156,0.0269439270825374,2.27074777764717,"PASS"
"15",15,"EACFAVEGPK",722.076337422054,129077828.359804,-0.110420461702918,1.84080298659735,"PASS"
"16",16,"EACFAVEGPK",713.063608747503,145974076.564633,-0.0165383254826428,1.80773031036275,"PASS"
"17",17,"EACFAVEGPK",714.26530590411,133820634.87344,-0.215173161064488,2.01112726920555,"PASS"
"18",18,"EACFAVEGPK",719.748049181129,161981048.548155,-0.158843879332323,2.08719442454514,"PASS"
"19",19,"EACFAVEGPK",713.88977554267,132931358.652133,-0.115361626767143,2.03923904400496,"PASS"
"20",20,"EACFAVEGPK",711.035744795729,127595701.324292,0.0516497524036625,2.11365256553282,"PASS"
"21",21,"EACFAVEGPK",718.471245952234,149531181.44986,-0.157855646319478,2.05908264974572,"PASS"
"22",22,"EACFAVEGPK",719.447624891977,159609645.291337,0.405437171002174,2.02766360732285,"PASS"
"23",23,"EACFAVEGPK",729.361626433983,131152806.20952,0.134661325482643,2.05742901593399,"PASS"
"24",24,"EACFAVEGPK",720.04847347028,100324563.870884,0.123790762341348,2.30712772150524,"PASS"
"25",25,"EACFAVEGPK",719.748049181129,338947016.588207,0.110943733174363,1.84411025422081,"PASS"
"26",26,"EACFAVEGPK",711.786805518609,95878182.7643499,0.0259556940696924,2.01112726920555,"FAIL"
"27",27,"EACFAVEGPK",721.550594916039,110995878.526565,0.0160733639412423,2.20294879136624,"FAIL"
"28",28,"EACFAVEGPK",713.063608747503,129670679.174008,0.0239792280440024,2.05908264974572,"FAIL"
"29",29,"EACFAVEGPK",714.340411976398,358511093.456957,0.157390684778078,2.12026710077974,"FAIL"
"30",30,"EACFAVEGPK",722.60207992807,129374253.766906,-0.088679335420328,2.04750721306361,"FAIL"
"31",31,"EACFAVEGPK",734.393733277274,127595701.324292,-0.0550794129835979,1.7994621413041,"FAIL"
"32",32,"EACFAVEGPK",715.917639494444,122556469.403554,-0.084726403368948,1.90860197287829,"FAIL"
"33",33,"EACFAVEGPK",719.372518819689,103288817.941907,-0.251737782539754,2.00947363539382,"FAIL"
"34",34,"EACFAVEGPK",713.814669470383,253280073.935653,-0.0175265584954878,1.95986462104192,"FAIL"
"35",35,"EACFAVEGPK",717.494867012491,114849408.818895,0.0407791892623674,1.85899295852638,"FAIL"
"36",36,"EACFAVEGPK",720.42400383172,113960132.597588,0.0822849758018576,1.95821098723019,"FAIL"
"37",37,"EACFAVEGPK",714.039987687246,144788374.936224,-0.0422323838166129,2.20294879136624,"FAIL"
"38",38,"EACFAVEGPK",718.170821663082,128188552.138497,-0.140067452088268,1.99789819871171,"FAIL"
"39",39,"EACFAVEGPK",718.546352024522,77203382.1169072,-0.139079219075423,1.94498191673635,"FAIL"
"40",40,"EACFAVEGPK",710.810426578866,149234756.042758,-0.0283971216367828,2.18310518562548,"FAIL"
"41",41,"EACFAVEGPK",717.419760940203,111588729.34077,-0.136114520036888,2.28893774957621,"FAIL"
"42",42,"EACFAVEGPK",712.688078386064,302486691.514629,-0.152914481255253,1.9697864239123,"FAIL"
"43",43,"EACFAVEGPK",712.763184458352,145677651.15753,0.0674614806091826,2.06569718499264,"FAIL"
"44",44,"EACFAVEGPK",718.020609518506,256244328.006675,-0.127220422921283,2.2724014114589,"FAIL"
"45",45,"EACFAVEGPK",720.04847347028,105067370.38452,-0.0629852770863579,2.38815577828001,"FAIL"
"46",46,"EACFAVEGPK",718.921882385961,132634933.245031,-0.00171483028996772,2.3931166797152,"FAIL"
"47",47,"EACFAVEGPK",728.310141421952,116035110.447304,0.00619103381279229,2.08388715692167,"FAIL"
"48",48,"EACFAVEGPK",722.22654956663,121963618.589349,0.150473053688163,2.07396535405129,"FAIL"
"49",49,"EACFAVEGPK",715.016366626989,119592215.332531,-0.282373005937949,1.76804309888123,"FAIL"
"50",50,"EACFAVEGPK",712.688078386064,109810176.898156,-0.131173354972663,2.06238991736918,"FAIL"
"51",1,"ECCHGDLLECADDR",691.707737917241,131572628.378703,0.0306908235091182,1.86766921196036,"PASS"
"52",2,"ECCHGDLLECADDR",698.128121678278,109134041.832073,0.494079707717821,2.18641323684897,"PASS"
"53",3,"ECCHGDLLECADDR",717.461412104773,56500320.3029412,0.0618276260053552,1.87298161237517,"PASS"
"54",4,"ECCHGDLLECADDR",693.006242498125,49574830.6280554,0.102122311588721,1.86944001209863,"PASS"
"55",5,"ECCHGDLLECADDR",694.232607935627,85587376.9374615,0.442795562429902,1.96506321956521,"PASS"
"56",6,"ECCHGDLLECADDR",697.551008531219,215786582.825315,0.250480017600203,1.74548400241973,"PASS"
"57",7,"ECCHGDLLECADDR",693.43907735842,77553808.914594,0.232164251425946,1.55600838762483,"PASS"
"58",8,"ECCHGDLLECADDR",696.68533881063,110242120.180055,-0.2129088666085,2.17047603560454,"PASS"
"59",9,"ECCHGDLLECADDR",697.551008531219,115782511.919964,0.160732763346343,1.83225320919496,"PASS"
"60",10,"ECCHGDLLECADDR",700.797269983429,96668160.4172788,0.131427537467532,1.96506321956521,"PASS"
"61",11,"ECCHGDLLECADDR",695.891808233423,135173883.009644,-0.0773721969189983,2.04829082606391,"PASS"
"62",12,"ECCHGDLLECADDR",701.807217990783,68689182.1307402,-0.0279196282485043,1.89246041389614,"PASS"
"63",13,"ECCHGDLLECADDR",701.230104843723,69243221.304731,0.616795341085344,1.98808362136272,"PASS"
"64",14,"ECCHGDLLECADDR",702.02363542093,109965100.59306,0.508732320657227,2.17224683574281,"PASS"
"65",15,"ECCHGDLLECADDR",690.048537619445,68412162.5437447,0.151574880259215,1.8180868080888,"PASS"
"66",16,"ECCHGDLLECADDR",695.891808233423,55946281.1289503,-0.0187617451613758,2.05537402661699,"PASS"
"67",17,"ECCHGDLLECADDR",690.769929053269,49851850.2150508,-0.25137197557444,1.79329560615302,"PASS"
"68",18,"ECCHGDLLECADDR",696.829617097394,124093099.529827,0.358543038028319,2.08370682882931,"PASS"
"69",19,"ECCHGDLLECADDR",704.187809722404,86141416.1114524,0.26879578377446,2.06245722717007,"PASS"
"70",20,"ECCHGDLLECADDR",697.262451957689,81432083.1325301,-0.0590564307447413,1.50819678389154,"PASS"
"71",21,"ECCHGDLLECADDR",697.118173670924,56223300.7159457,0.248648440982777,2.29443204528344,"PASS"
"72",22,"ECCHGDLLECADDR",702.961444284902,122430982.007854,-0.128656342206918,1.95443841873559,"PASS"
"73",23,"ECCHGDLLECADDR",713.060924358444,74783613.0446397,-0.150635261616026,1.84996121057766,"PASS"
"74",24,"ECCHGDLLECADDR",694.376886222391,48466752.2800736,0.321911505679805,1.91902241597019,"PASS"
"75",25,"ECCHGDLLECADDR",696.252503950335,96391140.8302834,-0.124993188972067,2.06422802730834,"PASS"
"76",26,"ECCHGDLLECADDR",694.376886222391,66473025.4347767,-0.222066749695629,1.9951668219158,"FAIL"
"77",27,"ECCHGDLLECADDR",713.277341788591,148193803.598429,0.105785464823572,1.91371001555538,"FAIL"
"78",28,"ECCHGDLLECADDR",694.593303652539,72567456.3486762,0.834752958559002,1.62152799274082,"FAIL"
"79",29,"ECCHGDLLECADDR",705.774870876817,229083523.001095,0.237658981278223,1.67288119675065,"FAIL"
"80",30,"ECCHGDLLECADDR",694.809721082686,109688081.006064,0.122269654380403,1.94558441804424,"FAIL"
"81",31,"ECCHGDLLECADDR",697.551008531219,47635693.5190873,0.3072588927404,0.984039942963603,"FAIL"
"82",32,"ECCHGDLLECADDR",695.170416799598,150686979.881388,0.0636592026227809,1.76673360407897,"FAIL"
"83",33,"ECCHGDLLECADDR",702.672887711372,82540161.4805118,0.312753622592677,1.8535028108542,"FAIL"
"84",34,"ECCHGDLLECADDR",696.901756240777,106363845.962119,0.0105434807174355,1.87652321265171,"FAIL"
"85",35,"ECCHGDLLECADDR",692.212711920918,66473025.4347767,0.129595960850106,1.93495961721462,"FAIL"
"86",36,"ECCHGDLLECADDR",697.839565104749,74229573.8706488,0.726689938130886,2.05360322647872,"FAIL"
"87",37,"ECCHGDLLECADDR",699.210208829015,45142517.2361284,0.320079929062379,1.88537721334306,"FAIL"
"88",38,"ECCHGDLLECADDR",723.953935009193,74783613.0446397,0.239490557895649,1.54361278665694,"FAIL"
"89",39,"ECCHGDLLECADDR",695.242555942981,82263141.8935163,0.00504875086515838,1.72600520089876,"FAIL"
"90",40,"ECCHGDLLECADDR",704.909201156228,120214825.311891,-0.0498985476576128,1.93141801693808,"FAIL"
"91",41,"ECCHGDLLECADDR",693.799773075332,52068006.9110143,-0.0205933217788015,2.11735203145644,"FAIL"
"92",42,"ECCHGDLLECADDR",695.963947376805,57608398.6509229,-0.0865300800061268,2.14214323339222,"FAIL"
"93",43,"ECCHGDLLECADDR",693.944051362097,85864396.524457,0.671742639608115,2.21474603906129,"FAIL"
"94",44,"ECCHGDLLECADDR",700.869409126811,129356471.68274,0.327406235532082,1.68527679771854,"FAIL"
"95",45,"ECCHGDLLECADDR",699.570904545927,77276789.3275986,0.201027448929709,2.09964403007374,"FAIL"
"96",46,"ECCHGDLLECADDR",698.560956538573,118275688.202923,0.00321717424773266,1.84996121057766,"FAIL"
"97",47,"ECCHGDLLECADDR",689.61570275915,107471924.310101,0.00504875086515838,1.63923599412352,"FAIL"
"98",48,"ECCHGDLLECADDR",693.799773075332,66750045.0217721,0.765153047096826,2.06599882744661,"FAIL"
"99",49,"ECCHGDLLECADDR",701.879357134166,63702829.5648224,-0.0187617451613758,1.80569120712091,"FAIL"
"100",50,"ECCHGDLLECADDR",700.003739406222,72013417.1746854,0.151574880259215,1.8357948094715,"FAIL"
"101",1,"HLVDEPQNLIK",716.631910501863,303542761.71096,0.226232192295318,2.06152627354825,"PASS"
"102",2,"HLVDEPQNLIK",727.625927268086,396563039.103559,-0.013063134152845,1.94774283114326,"PASS"
"103",3,"HLVDEPQNLIK",733.233613672333,478476417.703011,0.0557342722010018,1.90071234161587,"PASS"
"104",4,"HLVDEPQNLIK",726.297791014448,418776836.689851,0.271100066004348,1.75355242277209,"PASS"
"105",5,"HLVDEPQNLIK",730.282199775361,603429029.125905,0.400718367830437,1.88402410339647,"PASS"
"106",6,"HLVDEPQNLIK",716.041627722468,575661782.14304,0.226232192295318,1.89919522905047,"PASS"
"107",7,"HLVDEPQNLIK",720.837675305049,307707848.75839,0.0487548251795971,2.02056423428246,"PASS"
"108",8,"HLVDEPQNLIK",719.435753703987,435437184.87957,0.210279170532107,2.02814979710945,"PASS"
"109",9,"HLVDEPQNLIK",715.37755959565,439602271.927,0.299017854089967,1.75962087303369,"PASS"
"110",10,"HLVDEPQNLIK",729.175419563996,479864780.052154,-0.00608368713144025,1.59728982853591,"PASS"
"111",11,"HLVDEPQNLIK",721.796884821565,731158365.247085,0.0228311648143794,1.99629043323606,"PASS"
"112",12,"HLVDEPQNLIK",723.641518507173,592322130.332759,0.139487636457859,1.6685941191097,"PASS"
"113",13,"HLVDEPQNLIK",752.565374697504,475699693.004725,0.282067768466556,2.05849204841745,"PASS"
"114",14,"HLVDEPQNLIK",722.239596906111,472922968.306438,-0.199514076010372,1.76872354842609,"PASS"
"115",15,"HLVDEPQNLIK",722.608523643232,470146243.608152,0.329926833756188,1.88098987826567,"PASS"
"116",16,"HLVDEPQNLIK",728.437566089753,431272097.83214,0.268108874423746,1.42130477094953,"PASS"
"117",17,"HLVDEPQNLIK",744.375201133405,631196276.10877,0.0357929949969882,1.79451446203788,"PASS"
"118",18,"HLVDEPQNLIK",739.062656118854,428495373.133854,0.295029598649165,1.88250699083107,"PASS"
"119",19,"HLVDEPQNLIK",733.307399019758,556224709.255034,0.263123555122743,1.71259038350629,"PASS"
"120",20,"HLVDEPQNLIK",717.295978628682,1247629159.12838,0.396730112389634,1.88554121596187,"PASS"
"121",21,"HLVDEPQNLIK",719.878465788533,336863458.090398,0.115558103813043,1.60335827879751,"PASS"
"122",22,"HLVDEPQNLIK",718.033832102925,657575160.742492,0.406700750991641,1.76568932329529,"PASS"
"123",23,"HLVDEPQNLIK",719.730895093684,418776836.689851,0.510395392452511,1.90829790444287,"PASS"
"124",24,"HLVDEPQNLIK",731.020053249604,428495373.133854,0.114561039952842,1.73989840968349,"PASS"
"125",25,"HLVDEPQNLIK",721.649314126716,377125966.215553,0.0497518890397977,1.70348770811389,"PASS"
"126",26,"HLVDEPQNLIK",717.074622586409,275775514.728095,0.234208703176923,1.86581875261167,"FAIL"
"127",27,"HLVDEPQNLIK",722.756094338081,1351756335.31412,0.306994364971573,1.87340431543867,"FAIL"
"128",28,"HLVDEPQNLIK",722.534738295808,797799758.005962,0.175381935425083,1.54419088874691,"FAIL"
"129",29,"HLVDEPQNLIK",715.008632858528,457650982.465862,0.447580369259869,1.6822481321983,"FAIL"
"130",30,"HLVDEPQNLIK",722.756094338081,368795792.120693,0.298020790229767,1.86126741491548,"FAIL"
"131",31,"HLVDEPQNLIK",718.993041619441,442378996.625286,0.297023726369566,1.98870487040906,"FAIL"
"132",32,"HLVDEPQNLIK",721.575528779292,690895857.12193,0.039781250437791,1.89009255365807,"FAIL"
"133",33,"HLVDEPQNLIK",724.084230591719,595098855.031045,0.179370190865886,1.6382518678017,"FAIL"
"134",34,"HLVDEPQNLIK",721.796884821565,377125966.215553,0.0976109543294303,1.99932465836686,"FAIL"
"135",35,"HLVDEPQNLIK",727.035644488691,481253142.401298,0.150455338920066,1.59273849083971,"FAIL"
"136",36,"HLVDEPQNLIK",725.486152192781,559001433.953321,0.0886373795876242,1.95381128140486,"FAIL"
"137",37,"HLVDEPQNLIK",733.528755062031,350747081.581831,0.292038407068563,1.86885297774247,"FAIL"
"138",38,"HLVDEPQNLIK",716.92705189156,1310105464.83983,0.070690230104012,1.57301602748951,"FAIL"
"139",39,"HLVDEPQNLIK",719.804680441108,1218473549.79637,0.21426742597291,1.98870487040906,"FAIL"
"140",40,"HLVDEPQNLIK",722.829879685505,496525128.241874,0.237199894757525,1.42889033377653,"FAIL"
"141",41,"HLVDEPQNLIK",715.820271680195,434048822.530427,-0.00309249555083824,1.49109194895792,"FAIL"
"142",42,"HLVDEPQNLIK",721.575528779292,485418229.448727,0.17039661612408,1.76720643586069,"FAIL"
"143",43,"HLVDEPQNLIK",731.315194639301,661740247.789922,-0.138693180538131,1.96746529449346,"FAIL"
"144",44,"HLVDEPQNLIK",732.348189503242,574273419.793896,0.277082449165552,1.77782622381849,"FAIL"
"145",45,"HLVDEPQNLIK",726.371576361872,549282897.509318,0.290044279348161,1.6291491924093,"FAIL"
"146",46,"HLVDEPQNLIK",721.280387389595,468757881.259008,0.381774154486624,2.05849204841745,"FAIL"
"147",47,"HLVDEPQNLIK",734.783105968244,420165199.038994,0.0138575900725733,1.84761340182688,"FAIL"
"148",48,"HLVDEPQNLIK",727.69971261551,429883735.482997,0.123534614694648,1.84913051439228,"FAIL"
"149",49,"HLVDEPQNLIK",717.960046755501,674235508.932211,0.529339605796324,1.61094384162451,"FAIL"
"150",50,"HLVDEPQNLIK",718.181402797774,611759203.220764,0.194326148768896,2.05090648559045,"FAIL"
"151",1,"LVNELTEFAK",768.168513664286,415298100.3733,0.238188874503761,1.6281424009364,"PASS"
"152",2,"LVNELTEFAK",773.934640247748,464474088.206839,0.0482955718941329,1.49593403624846,"PASS"
"153",3,"LVNELTEFAK",791.002374934793,480866084.151353,0.307240984543625,1.52489396375154,"PASS"
"154",4,"LVNELTEFAK",776.241090881132,396564390.722428,-0.0583290097850698,1.42920029026313,"PASS"
"155",5,"LVNELTEFAK",769.014212229861,494916366.389507,0.183353375354456,1.56392690951654,"PASS"
"156",6,"LVNELTEFAK",767.784105225389,597951769.469303,0.288962484827191,1.59036858245413,"PASS"
"157",7,"LVNELTEFAK",792.92441712928,521846074.012635,0.0472800996876643,1.64451105561204,"PASS"
"158",8,"LVNELTEFAK",768.937330542081,556971779.608021,0.303179095717751,1.75909163834158,"PASS"
"159",9,"LVNELTEFAK",768.168513664286,393051820.162889,0.224987735819669,1.54755825484089,"PASS"
"160",10,"LVNELTEFAK",774.626575437763,514820932.893558,0.193508097419142,1.66213883757043,"PASS"
"161",11,"LVNELTEFAK",776.933026071147,422323241.492377,0.0980537100110943,1.732649965404,"PASS"
"162",12,"LVNELTEFAK",777.240552822265,544092354.223046,0.0604812383717561,1.4820836361383,"PASS"
"163",13,"LVNELTEFAK",773.088941682173,427006668.905095,0.138672598269838,1.5865912006059,"PASS"
"164",14,"LVNELTEFAK",774.395930374424,548775781.635764,-0.0532516487527269,1.2642546162239,"PASS"
"165",15,"LVNELTEFAK",774.242166998866,535896356.25079,0.3113028733695,1.87367222107112,"PASS"
"166",16,"LVNELTEFAK",770.398082609891,1244264752.42439,0.211786597135577,1.75405512921062,"PASS"
"167",17,"LVNELTEFAK",770.55184598545,789972293.390743,0.153904681366867,1.68858051050802,"PASS"
"168",18,"LVNELTEFAK",769.244857293199,696303745.136382,-0.0766075095015046,2.05750480435149,"PASS"
"169",19,"LVNELTEFAK",771.320662863245,540579783.663507,0.0452491552747271,1.90011389400871,"PASS"
"170",20,"LVNELTEFAK",775.626037378896,1013605952.34803,0.259513790839601,1.54378087299267,"PASS"
"171",21,"LVNELTEFAK",770.55184598545,715037454.787254,0.103131071043437,1.65836145572221,"PASS"
"172",22,"LVNELTEFAK",767.937868600948,476182656.738635,0.15898204239921,2.0638004407652,"PASS"
"173",23,"LVNELTEFAK",770.013674170994,441056951.143249,0.251390013187852,1.57022254593025,"PASS"
"174",24,"LVNELTEFAK",780.777110460122,601464340.028842,0.277792290556036,1.69613527420447,"PASS"
"175",25,"LVNELTEFAK",773.473350121071,535896356.25079,0.210771124929109,1.46319672689717,"PASS"
"176",26,"LVNELTEFAK",776.471735944471,316946124.706221,0.290993429240128,1.69361701963899,"FAIL"
"177",27,"LVNELTEFAK",769.552384044317,397735247.575607,0.148827320334524,1.57651818234397,"FAIL"
"178",28,"LVNELTEFAK",777.624961261163,530042071.984892,0.127502403998684,1.49215665440024,"FAIL"
"179",29,"LVNELTEFAK",772.320124804378,894178553.323719,-0.0288803157974805,1.57525905506122,"FAIL"
"180",30,"LVNELTEFAK",773.396468433291,941012827.4509,0.268653040697819,1.52615309103428,"FAIL"
"181",31,"LVNELTEFAK",764.555074338651,513650076.040379,0.107192959869312,1.38890821721538,"FAIL"
"182",32,"LVNELTEFAK",770.090555858773,417639814.079659,0.430113121526326,1.55889040038557,"FAIL"
"183",33,"LVNELTEFAK",766.323353157579,328654693.238016,0.254436429807258,1.4342367993941,"FAIL"
"184",34,"LVNELTEFAK",767.860986913168,398906104.428787,0.156951097986273,1.47704712700733,"FAIL"
"185",35,"LVNELTEFAK",787.465817296937,1115470498.57465,0.0523574607200073,1.55259476397186,"FAIL"
"186",36,"LVNELTEFAK",777.855606324501,560484350.167559,0.306225512337157,1.62310589180543,"FAIL"
"187",37,"LVNELTEFAK",768.168513664286,503112364.361763,-0.0532516487527269,2.00588058575906,"FAIL"
"188",38,"LVNELTEFAK",772.397006492158,530042071.984892,0.309271928956563,1.55259476397186,"FAIL"
"189",39,"LVNELTEFAK",773.55023180885,434031810.024172,0.292008901446596,1.3448387623194,"FAIL"
"190",40,"LVNELTEFAK",807.531937807382,410614672.960582,0.297086262478939,1.69487614692173,"FAIL"
"191",41,"LVNELTEFAK",772.627651555496,332167263.797555,0.306225512337157,1.77797854758272,"FAIL"
"192",42,"LVNELTEFAK",776.856144383368,487891225.27043,0.386447816648176,1.43675505395958,"FAIL"
"193",43,"LVNELTEFAK",773.55023180885,478524370.444994,0.571263758225461,1.9832162946697,"FAIL"
"194",44,"LVNELTEFAK",771.243781175466,453936376.528224,0.164059403431553,1.80819760236853,"FAIL"
"195",45,"LVNELTEFAK",772.935178306614,354413544.007966,0.200616402864423,1.68983963779076,"FAIL"
"196",46,"LVNELTEFAK",772.473888179937,443398664.849608,0.400664427538736,1.82834363889241,"FAIL"
"197",47,"LVNELTEFAK",775.395392315558,407102102.401044,0.141719014889244,1.53622610929622,"FAIL"
"198",48,"LVNELTEFAK",771.781952989922,1068636224.44747,0.399648955332268,1.80190196595482,"FAIL"
"199",49,"LVNELTEFAK",768.937330542081,452765519.675044,0.0513419885135387,1.72005869257658,"FAIL"
"200",50,"LVNELTEFAK",770.936254424348,739625448.704024,0.264591151871944,1.57274080049574,"FAIL"
"201",1,"NECFLSHK",662.587224624698,107536133.109734,0.119316780556855,1.71386339184653,"PASS"
"202",2,"NECFLSHK",670.705322083803,233140221.283025,0.33785519747765,1.66879144728189,"PASS"
"203",3,"NECFLSHK",653.945378942424,300334016.704401,0.0128209022604266,1.50013513858841,"PASS"
"204",4,"NECFLSHK",677.64498604078,204154662.473804,0.124308774852,1.67751504945569,"PASS"
"205",5,"NECFLSHK",657.873490616185,353474207.854639,0.0804901582612819,1.77638254075876,"PASS"
"206",6,"NECFLSHK",656.105840362993,208107238.675062,0.170900721606687,1.33874849837309,"PASS"
"207",7,"NECFLSHK",665.00956015685,299016491.303982,0.189204700688886,1.61935770163035,"PASS"
"208",8,"NECFLSHK",660.426763204129,402222647.670147,0.135402095507878,1.79819154619327,"PASS"
"209",9,"NECFLSHK",663.962063710514,197127860.338235,0.175892715901832,1.51176660815347,"PASS"
"210",10,"NECFLSHK",664.747686045266,132129940.584225,0.210282009935054,1.59754869619585,"PASS"
"211",11,"NECFLSHK",666.515336298458,241045373.68554,0.212500674066229,1.62662737010852,"PASS"
"212",12,"NECFLSHK",685.566677916197,213816515.410211,0.208618011836672,1.72840272880286,"PASS"
"213",13,"NECFLSHK",663.634721071034,228309294.814822,0.20695401373829,1.65425211032555,"PASS"
"214",14,"NECFLSHK",652.177728689232,172094877.730272,0.0677328395070223,1.91159837445268,"PASS"
"215",15,"NECFLSHK",652.7014769124,248950526.088055,0.172564719705069,1.60045656358712,"PASS"
"216",16,"NECFLSHK",659.248329702001,274422683.829491,0.105450129737007,1.48559580163207,"PASS"
"217",17,"NECFLSHK",654.66553274928,211181464.609373,-0.0526296896092532,1.8083690820627,"PASS"
"218",18,"NECFLSHK",653.879910414528,115441285.512249,0.101012801474656,1.66442964619499,"PASS"
"219",19,"NECFLSHK",657.284273865121,148379420.522727,0.224703326787695,1.68914651902076,"PASS"
"220",20,"NECFLSHK",664.093000766306,236214447.217336,0.168127391442718,1.61790376793472,"PASS"
"221",21,"NECFLSHK",666.515336298458,235336096.95039,0.0682875055398162,1.99447259510378,"PASS"
"222",22,"NECFLSHK",667.562832744794,169459826.929434,0.203071351508733,1.59609476250022,"PASS"
"223",23,"NECFLSHK",687.727139336766,163311375.060811,0.117098116425679,1.52049021032728,"PASS"
"224",24,"NECFLSHK",655.254749500344,190540233.33614,0.246335302066657,1.86652642988804,"PASS"
"225",25,"NECFLSHK",649.362581989704,355670083.522005,0.299583241214871,1.34020243206873,"PASS"
"226",26,"NECFLSHK",651.850386049752,168581476.662488,0.193087362918443,2.02064340162519,"FAIL"
"227",27,"NECFLSHK",648.315085543367,229626820.215241,0.20695401373829,1.75311960162863,"FAIL"
"228",28,"NECFLSHK",655.385686556137,158919623.726081,0.106559461802595,1.54084528206614,"FAIL"
"229",29,"NECFLSHK",657.284273865121,160237149.1265,0.225257992820489,1.473964332067,"FAIL"
"230",30,"NECFLSHK",657.873490616185,160676324.259973,0.148714080294931,1.99156472771252,"FAIL"
"231",31,"NECFLSHK",653.02881955188,156723748.058715,0.069396837605404,2.05699174401602,"FAIL"
"232",32,"NECFLSHK",648.707896710744,169459826.929434,0.132628765343908,1.76184320380243,"FAIL"
"233",33,"NECFLSHK",657.546147976705,277496909.763803,0.274623269739146,1.73276452988976,"FAIL"
"234",34,"NECFLSHK",668.741266246923,188344357.668774,0.21971133249255,1.68914651902076,"FAIL"
"235",35,"NECFLSHK",657.742553560393,187466007.401828,0.0610768471134955,2.06862321358109,"FAIL"
"236",36,"NECFLSHK",671.490944418555,317022671.776377,0.260201952886504,1.89124330271381,"FAIL"
"237",37,"NECFLSHK",655.778497723513,92165003.4381777,0.274068603706352,1.57137788967445,"FAIL"
"238",38,"NECFLSHK",654.99287538876,171216527.463326,0.158143402852427,1.66006784510809,"FAIL"
"239",39,"NECFLSHK",654.403658637696,153210346.990931,0.0971301392450988,1.60627229836965,"FAIL"
"240",40,"NECFLSHK",668.806734774819,133008290.851171,0.143722085999786,1.89705903749634,"FAIL"
"241",41,"NECFLSHK",658.135364727769,130373240.050333,0.170346055573893,1.7821982755413,"FAIL"
"242",42,"NECFLSHK",656.367714474577,249389701.221528,0.342292525740001,1.81418481684523,"FAIL"
"243",43,"NECFLSHK",648.642428182848,184830956.60099,0.289044586591787,1.64989030923865,"FAIL"
"244",44,"NECFLSHK",664.158469294202,136960867.052428,0.200298021344764,2.07007714727672,"FAIL"
"245",45,"NECFLSHK",668.610329191131,246754650.420689,0.330089873018535,1.89269723640944,"FAIL"
"246",46,"NECFLSHK",656.956931225641,207668063.541588,0.137066093606259,1.61790376793472,"FAIL"
"247",47,"NECFLSHK",651.784917521856,179121679.865841,0.123754108819206,1.70223192228146,"FAIL"
"248",48,"NECFLSHK",666.31893071477,137400042.185901,0.180884710196977,1.94503884945225,"FAIL"
"249",49,"NECFLSHK",662.783630208386,193175284.136978,0.245225970001069,1.97120965597365,"FAIL"
"250",50,"NECFLSHK",657.087868281433,173851578.264164,0.213610006131817,1.67460718206442,"FAIL"
"251",1,"SLHTLFGDELCK",758.075399147308,51333148.5676454,-0.451287704597723,1.51211591226536,"PASS"
"252",2,"SLHTLFGDELCK",761.423078913551,56192829.5758014,-0.304666310542123,1.57669425502461,"PASS"
"253",3,"SLHTLFGDELCK",762.123756073928,28654637.1962507,-0.42890275894038,1.65888487308185,"PASS"
"254",4,"SLHTLFGDELCK",758.776076307684,93090407.6006896,-0.455764693729192,1.71906014701661,"PASS"
"255",5,"SLHTLFGDELCK",763.914375483779,127108174.657782,-0.408756307848771,1.58843577188993,"PASS"
"256",6,"SLHTLFGDELCK",753.170659024672,33874294.5753812,-0.164760400183726,1.71025400936762,"PASS"
"257",7,"SLHTLFGDELCK",759.398900450241,35494188.2447665,-0.296831579562053,1.71759245740844,"PASS"
"258",8,"SLHTLFGDELCK",821.914873759391,52413077.6805689,-0.259896419227436,1.84821683253512,"PASS"
"259",9,"SLHTLFGDELCK",754.727719381064,46833443.9304639,-0.337124481745271,1.60311266797158,"PASS"
"260",10,"SLHTLFGDELCK",756.674044826555,28114672.6397889,-0.331528245330935,1.55174353168581,"PASS"
"261",11,"SLHTLFGDELCK",753.170659024672,34774235.5028175,-0.0147812642795238,1.75868776643706,"PASS"
"262",12,"SLHTLFGDELCK",761.890197020469,40173881.0674353,-0.243107709984428,1.88784445195557,"PASS"
"263",13,"SLHTLFGDELCK",754.182748256327,38733975.5835372,-0.33376673989667,1.83060455723714,"PASS"
"264",14,"SLHTLFGDELCK",756.129073701817,41613786.5513333,-0.491580606780942,1.44019912146528,"PASS"
"265",15,"SLHTLFGDELCK",754.961278434523,11735747.7604483,-0.219603517044217,1.393233054004,"PASS"
"266",16,"SLHTLFGDELCK",758.776076307684,154826355.22282,-0.35727093283688,1.60164497836342,"PASS"
"267",17,"SLHTLFGDELCK",752.236422810837,41253810.1803588,-0.304666310542123,1.54880815246948,"PASS"
"268",18,"SLHTLFGDELCK",754.027042220688,20555168.849324,-0.237511473570092,1.68530328602882,"PASS"
"269",19,"SLHTLFGDELCK",758.931782343323,43773644.7771804,-0.265492655641772,1.64127259778387,"PASS"
"270",20,"SLHTLFGDELCK",754.494160327605,63932321.5517535,-0.296831579562053,1.36387926184071,"PASS"
"271",21,"SLHTLFGDELCK",759.71031252152,44493597.5191295,-0.296831579562053,1.79684769624935,"PASS"
"272",22,"SLHTLFGDELCK",752.392128846476,29914554.4946615,-0.606863076916261,1.74988162878807,"PASS"
"273",23,"SLHTLFGDELCK",756.440485773096,137007524.859581,-0.461360930143528,1.65594949386552,"PASS"
"274",24,"SLHTLFGDELCK",755.895514648358,29734566.3091742,-0.179310614860999,1.45927908637142,"PASS"
"275",25,"SLHTLFGDELCK",757.763987076029,43053692.0352314,-0.451287704597723,1.3389285385019,"PASS"
"276",26,"SLHTLFGDELCK",773.821950531503,23974944.3735819,-0.236392226287225,1.85115221175145,"FAIL"
"277",27,"SLHTLFGDELCK",764.868853482247,47193420.3014384,-0.308024052390725,1.61778956405323,"FAIL"
"278",28,"SLHTLFGDELCK",771.330653961275,59432616.914572,-0.203934055084077,1.61045111601241,"FAIL"
"279",29,"SLHTLFGDELCK",765.102412535706,18755286.9944514,-0.244226957267295,1.51798667069802,"FAIL"
"280",30,"SLHTLFGDELCK",766.503766856459,35134211.873792,-0.286758354016248,1.60604804718791,"FAIL"
"281",31,"SLHTLFGDELCK",770.863535854357,35314200.0592793,-0.310262546956459,1.58403270306544,"FAIL"
"282",32,"SLHTLFGDELCK",763.078234072396,25594838.0429672,-0.256538677378834,1.52092204991435,"FAIL"
"283",33,"SLHTLFGDELCK",769.540034551424,33514318.2044067,-0.33376673989667,1.56348504855113,"FAIL"
"284",34,"SLHTLFGDELCK",765.803089696083,39093951.9545117,-0.370701900231286,1.62659570170222,"FAIL"
"285",35,"SLHTLFGDELCK",771.486359996914,14075594.1717826,-0.229676742590022,1.57816194463278,"FAIL"
"286",36,"SLHTLFGDELCK",763.078234072396,30814495.4220978,-0.253180935530233,1.33305778006924,"FAIL"
"287",37,"SLHTLFGDELCK",773.432685442405,31714436.3495341,-0.225199753458553,1.34773467615089,"FAIL"
"288",38,"SLHTLFGDELCK",782.697194562939,38733975.5835372,-0.295712332279185,1.53706663560416,"FAIL"
"289",39,"SLHTLFGDELCK",774.911892780977,29914554.4946615,-0.311381794239326,1.85849065979227,"FAIL"
"290",40,"SLHTLFGDELCK",775.223304852256,34054282.7608684,-0.348316954573943,1.68090021720432,"FAIL"
"291",41,"SLHTLFGDELCK",769.462181533604,31894424.5350213,-0.193860829538272,1.84821683253512,"FAIL"
"292",42,"SLHTLFGDELCK",766.192354785181,66992120.7050369,-0.33376673989667,1.53706663560416,"FAIL"
"293",43,"SLHTLFGDELCK",774.989745798797,95070277.6410494,-0.244226957267295,1.55467891090214,"FAIL"
"294",44,"SLHTLFGDELCK",774.44477467406,37114081.9141518,-0.422187275243177,1.85555528057594,"FAIL"
"295",45,"SLHTLFGDELCK",775.301157870075,40713845.623897,-0.315858783370795,1.42405453577547,"FAIL"
"296",46,"SLHTLFGDELCK",771.642066032554,65912191.5921134,-0.378536631211357,1.44313450068161,"FAIL"
"297",47,"SLHTLFGDELCK",792.42882179039,30454519.0511232,-0.295712332279185,1.61191880562057,"FAIL"
"298",48,"SLHTLFGDELCK",764.24602933969,45033562.0755913,-0.225199753458553,1.68677097563698,"FAIL"
"299",49,"SLHTLFGDELCK",781.762958349103,143307111.351635,-0.380775125777091,1.74254318074725,"FAIL"
"300",50,"SLHTLFGDELCK",769.462181533604,27574708.0833271,-0.360628674685482,1.48569749931839,"FAIL"
"301",1,"VPQVSTPTLVEVSR",767.300937499625,201042642.325272,-0.296791701764355,1.77198758606497,"PASS"
"302",2,"VPQVSTPTLVEVSR",769.069309280765,39888608.7993827,-0.321217249417799,1.77047223434199,"PASS"
"303",3,"VPQVSTPTLVEVSR",778.372482564157,133055784.431537,-0.292064176412076,1.75380336538922,"PASS"
"304",4,"VPQVSTPTLVEVSR",765.993880096173,131167260.601156,-0.384250920781523,1.67348972407131,"PASS"
"305",5,"VPQVSTPTLVEVSR",763.149108100425,16596814.8913441,-0.346430717963289,1.63560593099683,"PASS"
"306",6,"VPQVSTPTLVEVSR",784.446455203727,438367137.009881,-0.224302979696072,1.75986477228114,"PASS"
"307",7,"VPQVSTPTLVEVSR",799.669829667459,52478767.6685928,-0.0344140447128511,1.90836924113311,"PASS"
"308",8,"VPQVSTPTLVEVSR",767.608480418084,151941022.735352,-0.305458831576867,1.64772874478066,"PASS"
"309",9,"VPQVSTPTLVEVSR",766.762737392321,49960735.8947508,-0.345642797071242,1.82957095153819,"PASS"
"310",10,"VPQVSTPTLVEVSR",782.139883315283,165160689.548023,-0.155753862088021,1.73864984815943,"PASS"
"311",11,"VPQVSTPTLVEVSR",799.977372585918,6524687.79597606,-0.341703192611009,1.60529889653724,"PASS"
"312",12,"VPQVSTPTLVEVSR",759.996793186218,65698434.4812633,-0.237697634860863,1.83411700670712,"PASS"
"313",13,"VPQVSTPTLVEVSR",763.149108100425,57514831.2162768,-0.40552478486678,2.21295493745196,"PASS"
"314",14,"VPQVSTPTLVEVSR",759.22793589007,57514831.2162768,-0.355885768667847,1.7113735171458,"PASS"
"315",15,"VPQVSTPTLVEVSR",765.532565718484,136832832.0923,-0.403948943082687,1.82502489636925,"PASS"
"316",16,"VPQVSTPTLVEVSR",766.147651555402,435849105.236039,-0.221151296127886,1.94170697903866,"PASS"
"317",17,"VPQVSTPTLVEVSR",760.919421941595,209226245.590258,-0.354309926883754,1.84472446876798,"PASS"
"318",18,"VPQVSTPTLVEVSR",769.991938036143,136203324.14884,-0.31412596138938,1.81593278603137,"PASS"
"319",19,"VPQVSTPTLVEVSR",777.988053916083,48072212.0643693,-0.230606346832444,1.83714771015308,"PASS"
"320",20,"VPQVSTPTLVEVSR",765.378794259254,73252529.8027894,-0.518197472429438,1.66894366890237,"PASS"
"321",21,"VPQVSTPTLVEVSR",764.379279774262,-7324486.96015501,-0.35746161045194,1.60984495170618,"PASS"
"322",22,"VPQVSTPTLVEVSR",763.994851126188,301763913.278952,-0.339339429934869,1.86897009633565,"PASS"
"323",23,"VPQVSTPTLVEVSR",765.455679988869,121724641.449248,-0.336187746366683,1.7916871584637,"PASS"
"324",24,"VPQVSTPTLVEVSR",771.914081276513,213003293.251021,-0.285760809275704,1.82654024809223,"PASS"
"325",25,"VPQVSTPTLVEVSR",787.444998658704,92137768.1066045,-0.345642797071242,1.58863002758447,"PASS"
"326",26,"VPQVSTPTLVEVSR",775.351826773342,219927880.629087,-0.230606346832444,2.0780886341068,"FAIL"
"327",27,"VPQVSTPTLVEVSR",768.893425485698,371639295.003068,-0.246364764673376,1.73410379299049,"FAIL"
"328",28,"VPQVSTPTLVEVSR",790.652086966689,124242673.22309,-0.392918050594036,1.85684728255181,"FAIL"
"329",29,"VPQVSTPTLVEVSR",771.738197481446,80177117.1808549,-0.43073825341227,1.69470464819302,"FAIL"
"330",30,"VPQVSTPTLVEVSR",779.580541902157,57514831.2162768,-0.401585180406548,2.02808202724848,"FAIL"
"331",31,"VPQVSTPTLVEVSR",771.661311751831,73882037.7462499,-0.268426549650679,1.7553187171122,"FAIL"
"332",32,"VPQVSTPTLVEVSR",772.27639758875,117947593.788485,-0.0903564280481568,0.937028786703348,"FAIL"
"333",33,"VPQVSTPTLVEVSR",770.35425434838,70734498.0289474,-0.294427939088216,1.96898331005229,"FAIL"
"334",34,"VPQVSTPTLVEVSR",771.738197481446,74511545.6897104,-0.333036062798497,1.95231444109951,"FAIL"
"335",35,"VPQVSTPTLVEVSR",772.045740399905,43036148.5166852,-0.340127350826916,1.82199419292329,"FAIL"
"336",36,"VPQVSTPTLVEVSR",768.047682459935,101580387.258512,-0.333823983690544,1.88866966873438,"FAIL"
"337",37,"VPQVSTPTLVEVSR",776.735769906409,63180402.7074213,-0.239273476644957,1.84927052393692,"FAIL"
"338",38,"VPQVSTPTLVEVSR",773.429683532972,220557388.572547,-0.367704582048546,1.95382979282249,"FAIL"
"339",39,"VPQVSTPTLVEVSR",804.491518297355,205449197.929495,-0.336187746366683,1.70531211025388,"FAIL"
"340",40,"VPQVSTPTLVEVSR",772.507054777594,369121263.229226,-0.306246752468914,1.74622660677432,"FAIL"
"341",41,"VPQVSTPTLVEVSR",768.893425485698,184675435.795298,-0.123449105514112,1.66591296545642,"FAIL"
"342",42,"VPQVSTPTLVEVSR",777.350855743327,150682006.848431,-0.333036062798497,1.98110612383612,"FAIL"
"343",43,"VPQVSTPTLVEVSR",778.734798876394,204190182.042574,-0.310974277821193,1.90988459285609,"FAIL"
"344",44,"VPQVSTPTLVEVSR",780.656942116764,102839403.145433,-0.35746161045194,1.78865645501774,"FAIL"
"345",45,"VPQVSTPTLVEVSR",772.814597696054,132426276.488077,-0.28891249284389,1.81593278603137,"FAIL"
"346",46,"VPQVSTPTLVEVSR",771.507540292602,73252529.8027894,-0.396857655054268,1.77956434467987,"FAIL"
"347",47,"VPQVSTPTLVEVSR",770.661797266839,859116.30483152,-0.438617462332736,2.11294172373533,"FAIL"
"348",48,"VPQVSTPTLVEVSR",779.657427631771,277842611.427453,-0.471710139798691,1.78865645501774,"FAIL"
"349",49,"VPQVSTPTLVEVSR",771.276883103757,272806547.879769,-0.199089511150582,1.85836263427479,"FAIL"
"350",50,"VPQVSTPTLVEVSR",779.811199091001,179639372.247614,-0.232970109508584,1.93564557214674,"FAIL"
"351",1,"YICDNQDTISSK",688.925236030892,276902763.930111,0.366346125926195,1.73230436837907,"PASS"
"352",2,"YICDNQDTISSK",677.821669124732,242419137.20878,-0.055496617755159,1.52668830648949,"PASS"
"353",3,"YICDNQDTISSK",677.329738945346,483804524.258099,0.125471423173233,1.7542633652799,"PASS"
"354",4,"YICDNQDTISSK",677.821669124732,194855514.144875,0.106750591353054,1.77422608973519,"PASS"
"355",5,"YICDNQDTISSK",680.070492801929,350031834.390865,0.247780857731732,2.07167068411915,"PASS"
"356",6,"YICDNQDTISSK",682.881522398425,256093678.839653,0.0967661477156257,1.71034537147824,"PASS"
"357",7,"YICDNQDTISSK",681.686834819915,213880963.370437,-0.0242952313881949,1.96986078939712,"PASS"
"358",8,"YICDNQDTISSK",681.335456120353,371435464.769623,-0.111659113215694,1.60653920431068,"PASS"
"359",9,"YICDNQDTISSK",679.156908183068,226960959.713011,-0.202767161407229,1.7343006408246,"PASS"
"360",10,"YICDNQDTISSK",687.871099932206,286415488.542892,-0.0817057823034088,2.09362968101998,"PASS"
"361",11,"YICDNQDTISSK",683.795107017287,357760923.13875,0.170401419541661,1.63648329099363,"PASS"
"362",12,"YICDNQDTISSK",680.211044281754,273335492.200318,0.053084206801876,1.90198752624911,"PASS"
"363",13,"YICDNQDTISSK",676.486430066397,237662774.902389,0.174145585905697,1.98982351385242,"PASS"
"364",14,"YICDNQDTISSK",685.411449035272,279875490.371605,0.381322791382338,1.56461748295456,"PASS"
"365",15,"YICDNQDTISSK",680.913801680878,260255495.857744,0.0842855931688401,1.91196888847676,"PASS"
"366",16,"YICDNQDTISSK",689.417166210279,275713673.353513,0.239044469548982,2.09762222591104,"PASS"
"367",17,"YICDNQDTISSK",679.719114102367,266200948.740732,-0.00682245502269502,1.6344870185481,"PASS"
"368",18,"YICDNQDTISSK",691.876817107213,250742771.244963,0.0743011495314116,1.79019626929943,"PASS"
"369",19,"YICDNQDTISSK",734.955845673515,280470035.659904,0.358857793198124,1.68639010213188,"PASS"
"370",20,"YICDNQDTISSK",679.50828688263,267984584.605629,0.189122251361839,1.92594279559547,"PASS"
"371",21,"YICDNQDTISSK",683.232901097987,263822767.587537,0.121727256809197,1.82612917331897,"PASS"
"372",22,"YICDNQDTISSK",683.795107017287,269173675.182227,0.13670392226534,1.86006580489298,"PASS"
"373",23,"YICDNQDTISSK",678.102772084382,304846392.480155,0.15417669863084,1.5805876625188,"PASS"
"374",24,"YICDNQDTISSK",681.26518038044,375597281.787715,-0.00307828865865933,1.28314306813484,"PASS"
"375",25,"YICDNQDTISSK",672.550988631302,247175499.51517,-0.120395501398444,1.85407698755639,"PASS"
"376",26,"YICDNQDTISSK",697.083265574363,275119128.065215,0.461198340481766,1.65644601544893,"FAIL"
"377",27,"YICDNQDTISSK",684.99583830943,275119128.065215,-0.0642330059379089,1.75027082038884,"FAIL"
"378",28,"YICDNQDTISSK",698.137401673049,231717322.019401,0.503632225940837,2.29325692557296,"FAIL"
"379",29,"YICDNQDTISSK",707.062420641924,504019064.060259,0.320168074103089,1.59855411452857,"FAIL"
"380",30,"YICDNQDTISSK",708.678762659909,379759098.805806,0.122975312263876,1.49075540246995,"FAIL"
"381",31,"YICDNQDTISSK",690.125967323035,282848216.813099,0.229060025911553,1.54465475849926,"FAIL"
"382",32,"YICDNQDTISSK",697.504920013838,268579129.893928,0.478671116847266,1.71833046126036,"FAIL"
"383",33,"YICDNQDTISSK",688.158246605488,267984584.605629,0.357609737743445,1.92195025070441,"FAIL"
"384",34,"YICDNQDTISSK",700.105122390596,303062756.615259,0.298951131373553,2.05769677700044,"FAIL"
"385",35,"YICDNQDTISSK",690.196243062948,183559153.667197,0.140448088629375,1.85407698755639,"FAIL"
"386",36,"YICDNQDTISSK",687.03383476689,215070053.947034,0.400043623202517,1.89999125380358,"FAIL"
"387",37,"YICDNQDTISSK",691.390930641459,256093678.839653,0.267749745006589,1.75825591017096,"FAIL"
"388",38,"YICDNQDTISSK",695.256096336641,323277296.417419,0.393803345929124,2.05570050455491,"FAIL"
"389",39,"YICDNQDTISSK",694.904717637079,223393687.983218,0.181633918633768,1.64247210833022,"FAIL"
"390",40,"YICDNQDTISSK",696.731886874801,520071786.844327,0.241540580458339,1.76624099995308,"FAIL"
"391",41,"YICDNQDTISSK",690.055691583123,283442762.101398,0.24029252500366,1.84609189777427,"FAIL"
"392",42,"YICDNQDTISSK",691.742309341021,459428167.437848,0.13670392226534,1.70036400925059,"FAIL"
"393",43,"YICDNQDTISSK",698.699607592348,259066405.281147,0.479919172301945,0.634354523337633,"FAIL"
"394",44,"YICDNQDTISSK",695.607475036203,265606403.452434,-0.191534662315122,1.80616644886367,"FAIL"
"395",45,"YICDNQDTISSK",693.288375619093,608064489.512551,0.0905258704422329,1.81415153864579,"FAIL"
"396",46,"YICDNQDTISSK",712.403376875267,218637325.676827,0.199106694999268,1.94790179249629,"FAIL"
"397",47,"YICDNQDTISSK",721.187844364317,294739122.579076,-0.0417680077536948,2.01377878319878,"FAIL"
"398",48,"YICDNQDTISSK",690.407070282685,298306394.308869,-0.0367757859349805,2.04571914232726,"FAIL"
"399",49,"YICDNQDTISSK",692.374791000232,259660950.569445,0.598484440496408,1.94390924760523,"FAIL"
"400",50,"YICDNQDTISSK",695.326372076553,243608227.785377,0.55355444412798,2.07167068411915,"FAIL"
